game_id,attr,val
155442577,player0,2dmin
155442577,game_outcome,1
155442577,ranked_status,0
155443429,player0,2dmin
155443429,game_outcome,1
155443429,ranked_status,0
155452931,player0,2dmin
155452931,game_outcome,1
155452931,ranked_status,0
155453774,player0,2dmin
155453774,game_outcome,1
155453774,ranked_status,0
155685984,player0,orangu
155685984,player1,2dmin
155685984,game_outcome,1
155685984,ranked_status,1
155725896,player0,2dmin
155725896,player1,muncheroo
155725896,player2,orangu
155725896,game_outcome,0
155725896,ranked_status,1
155745282,player0,2dmin
155745282,player1,muncheroo
155745282,player2,orangu
155745282,game_outcome,0
155745282,ranked_status,1
155914353,player0,2dmin
155914353,player1,orangu
155914353,player2,diggs
155914353,game_outcome,1
155914353,ranked_status,1
155915402,player0,orangu
155915402,player1,2dmin
155915402,game_outcome,1
155915402,ranked_status,1
155921883,player0,orangu
155921883,player1,2dmin
155921883,game_outcome,0
155921883,ranked_status,1
155923442,player0,orangu
155923442,player1,diggs
155923442,player2,2dmin
155923442,game_outcome,0
155923442,ranked_status,1
155928994,player0,2dmin
155928994,player1,orangu
155928994,game_outcome,1
155928994,ranked_status,1
155996772,player0,2dmin
155996772,game_outcome,1
155996772,ranked_status,1
155998390,player0,2dmin
155998390,game_outcome,1
155998390,ranked_status,1
156021662,player0,2dmin
156021662,game_outcome,1
156021662,ranked_status,1
156048889,player0,2dmin
156048889,player1,orangu
156048889,game_outcome,1
156048889,ranked_status,1
156056085,player0,2dmin
156056085,player1,orangu
156056085,game_outcome,0
156056085,ranked_status,1
156057022,player0,2dmin
156057022,player1,orangu
156057022,game_outcome,0
156057022,ranked_status,1
156058162,player0,2dmin
156058162,player1,orangu
156058162,game_outcome,0
156058162,ranked_status,1
156073563,player0,2dmin
156073563,game_outcome,0
156073563,ranked_status,1
177601228,player0,loui8sdstk
177601228,player1,bumster
177601228,player2,menelaus34
177601228,player3,skandaras
177601228,game_outcome,0
177601228,ranked_status,1
178307595,player0,bumster
178307595,game_outcome,1
178307595,ranked_status,1
179022887,player0,skandaras
179022887,player1,bumster
179022887,player2,dicedstk
179022887,game_outcome,0
179022887,ranked_status,0
179044553,player0,skandaras
179044553,player1,bumster
179044553,game_outcome,0
179044553,ranked_status,1
179076341,player0,skandaras
179076341,player1,bumster
179076341,game_outcome,1
179076341,ranked_status,0
179095530,player0,skandaras
179095530,player1,bumster
179095530,game_outcome,0
179095530,ranked_status,0
179376223,player0,bumster
179376223,game_outcome,0
179376223,ranked_status,0
179487146,player0,bumster
179487146,game_outcome,1
179487146,ranked_status,0
179488899,player0,bumster
179488899,game_outcome,0
179488899,ranked_status,0
179723961,player0,bumster
179723961,game_outcome,0
179723961,ranked_status,0
179724782,player0,bumster
179724782,game_outcome,0
179724782,ranked_status,0
179734236,player0,bumster
179734236,game_outcome,0
179734236,ranked_status,0
179735418,player0,bumster
179735418,game_outcome,1
179735418,ranked_status,0
179858743,player0,bumster
179858743,game_outcome,0
179858743,ranked_status,0
180201290,player0,bumster
180201290,game_outcome,1
180201290,ranked_status,0
180207382,player0,bumster
180207382,game_outcome,0
180207382,ranked_status,0
180733177,player0,bumster
180733177,game_outcome,0
180733177,ranked_status,1
180765530,player0,bumster
180765530,game_outcome,0
180765530,ranked_status,1
180830510,player0,bumster
180830510,game_outcome,0
180830510,ranked_status,1
180964278,player0,bumster
180964278,game_outcome,0
180964278,ranked_status,0
181455074,player0,bumster
181455074,game_outcome,0
181455074,ranked_status,0
183773832,player0,bumster
183773832,game_outcome,0
183773832,ranked_status,0
184568677,player0,bumster
184568677,game_outcome,0
184568677,ranked_status,1
188549409,player0,bumster
188549409,game_outcome,0
188549409,ranked_status,0
192894156,player0,mwaxy
192894156,player1,skandaras
192894156,player2,bumster
192894156,player3,diggs
192894156,game_outcome,0
192894156,ranked_status,1
192896345,player0,mwaxy
192896345,player1,skandaras
192896345,player2,bumster
192896345,player3,diggs
192896345,player4,menelaus34
192896345,game_outcome,0
192896345,ranked_status,1
192907769,player0,mwaxy
192907769,player1,skandaras
192907769,player2,bumster
192907769,player3,diggs
192907769,player4,menelaus34
192907769,game_outcome,0
192907769,ranked_status,1
193673656,player0,skandaras
193673656,player1,bumster
193673656,game_outcome,0
193673656,ranked_status,1
193691342,player0,mwaxy
193691342,player1,skandaras
193691342,player2,bumster
193691342,player3,menelaus34
193691342,game_outcome,0
193691342,ranked_status,1
193730960,player0,loui8sdstk
193730960,player1,mwaxy
193730960,player2,bumster
193730960,player3,dicedstk
193730960,player4,diggs
193730960,game_outcome,0
193730960,ranked_status,1
193732428,player0,mwaxy
193732428,player1,skandaras
193732428,player2,bumster
193732428,player3,dicedstk
193732428,player4,diggs
193732428,game_outcome,0
193732428,ranked_status,1
193742980,player0,mwaxy
193742980,player1,skandaras
193742980,player2,bumster
193742980,player3,dicedstk
193742980,player4,diggs
193742980,game_outcome,1
193742980,ranked_status,1
194735688,player0,loui8sdstk
194735688,player1,mwaxy
194735688,player2,skandaras
194735688,player3,bumster
194735688,game_outcome,0
194735688,ranked_status,1
194747100,player0,loui8sdstk
194747100,player1,mwaxy
194747100,player2,skandaras
194747100,player3,bumster
194747100,game_outcome,1
194747100,ranked_status,1
194814991,player0,mwaxy
194814991,player1,skandaras
194814991,player2,bumster
194814991,player3,dicedstk
194814991,player4,menelaus34
194814991,game_outcome,0
194814991,ranked_status,1
194816543,player0,mwaxy
194816543,player1,skandaras
194816543,player2,bumster
194816543,player3,dicedstk
194816543,player4,menelaus34
194816543,game_outcome,1
194816543,ranked_status,1
194818377,player0,mwaxy
194818377,player1,skandaras
194818377,player2,bumster
194818377,player3,dicedstk
194818377,player4,menelaus34
194818377,game_outcome,1
194818377,ranked_status,1
194826308,player0,mwaxy
194826308,player1,skandaras
194826308,player2,bumster
194826308,player3,dicedstk
194826308,player4,menelaus34
194826308,game_outcome,0
194826308,ranked_status,1
195019718,player0,bumster
195019718,game_outcome,0
195019718,ranked_status,0
195041281,player0,mwaxy
195041281,player1,skandaras
195041281,player2,bumster
195041281,player3,dicedstk
195041281,game_outcome,1
195041281,ranked_status,1
179666967,player0,skandaras
179666967,player1,dicedstk
179666967,game_outcome,0
179666967,ranked_status,0
179667533,player0,skandaras
179667533,player1,dicedstk
179667533,game_outcome,0
179667533,ranked_status,0
179671742,player0,dicedstk
179671742,game_outcome,1
179671742,ranked_status,0
179720524,player0,skandaras
179720524,player1,dicedstk
179720524,game_outcome,0
179720524,ranked_status,0
179722825,player0,skandaras
179722825,player1,dicedstk
179722825,game_outcome,0
179722825,ranked_status,0
179731457,player0,skandaras
179731457,player1,dicedstk
179731457,game_outcome,1
179731457,ranked_status,0
179732175,player0,skandaras
179732175,player1,dicedstk
179732175,game_outcome,0
179732175,ranked_status,0
179735030,player0,dicedstk
179735030,game_outcome,0
179735030,ranked_status,0
179738658,player0,skandaras
179738658,player1,dicedstk
179738658,game_outcome,0
179738658,ranked_status,0
179949447,player0,dicedstk
179949447,game_outcome,0
179949447,ranked_status,0
179959555,player0,dicedstk
179959555,game_outcome,1
179959555,ranked_status,0
180080816,player0,dicedstk
180080816,game_outcome,1
180080816,ranked_status,0
180081407,player0,dicedstk
180081407,game_outcome,1
180081407,ranked_status,0
180131321,player0,dicedstk
180131321,game_outcome,1
180131321,ranked_status,0
180131839,player0,dicedstk
180131839,game_outcome,1
180131839,ranked_status,0
180142016,player0,dicedstk
180142016,game_outcome,1
180142016,ranked_status,0
180142495,player0,dicedstk
180142495,game_outcome,1
180142495,ranked_status,0
180316114,player0,dicedstk
180316114,player1,menelaus34
180316114,game_outcome,0
180316114,ranked_status,0
180324815,player0,dicedstk
180324815,player1,menelaus34
180324815,game_outcome,1
180324815,ranked_status,0
180329513,player0,dicedstk
180329513,game_outcome,1
180329513,ranked_status,0
180372174,player0,dicedstk
180372174,game_outcome,1
180372174,ranked_status,0
180378341,player0,dicedstk
180378341,game_outcome,1
180378341,ranked_status,0
180393840,player0,dicedstk
180393840,game_outcome,1
180393840,ranked_status,0
180396877,player0,dicedstk
180396877,game_outcome,1
180396877,ranked_status,0
180438890,player0,dicedstk
180438890,game_outcome,0
180438890,ranked_status,0
180547102,player0,dicedstk
180547102,game_outcome,0
180547102,ranked_status,0
180704973,player0,dicedstk
180704973,game_outcome,1
180704973,ranked_status,0
181013187,player0,dicedstk
181013187,game_outcome,0
181013187,ranked_status,0
181013674,player0,bumster
181013674,player1,dicedstk
181013674,game_outcome,0
181013674,ranked_status,0
181023828,player0,bumster
181023828,player1,dicedstk
181023828,game_outcome,0
181023828,ranked_status,0
181266310,player0,dicedstk
181266310,game_outcome,1
181266310,ranked_status,0
181503598,player0,dicedstk
181503598,game_outcome,1
181503598,ranked_status,0
181511965,player0,dicedstk
181511965,game_outcome,0
181511965,ranked_status,0
181512923,player0,dicedstk
181512923,game_outcome,1
181512923,ranked_status,0
181514635,player0,dicedstk
181514635,game_outcome,0
181514635,ranked_status,0
181830818,player0,dicedstk
181830818,game_outcome,1
181830818,ranked_status,0
182083533,player0,dicedstk
182083533,game_outcome,0
182083533,ranked_status,0
182399626,player0,dicedstk
182399626,game_outcome,1
182399626,ranked_status,0
182405332,player0,dicedstk
182405332,game_outcome,0
182405332,ranked_status,0
182462902,player0,dicedstk
182462902,game_outcome,0
182462902,ranked_status,0
182640780,player0,dicedstk
182640780,game_outcome,0
182640780,ranked_status,0
182775406,player0,dicedstk
182775406,game_outcome,1
182775406,ranked_status,0
182818458,player0,dicedstk
182818458,game_outcome,0
182818458,ranked_status,0
182839027,player0,dicedstk
182839027,game_outcome,0
182839027,ranked_status,0
182920095,player0,dicedstk
182920095,game_outcome,0
182920095,ranked_status,0
182921052,player0,dicedstk
182921052,game_outcome,0
182921052,ranked_status,0
183031151,player0,dicedstk
183031151,game_outcome,1
183031151,ranked_status,0
183032611,player0,dicedstk
183032611,game_outcome,0
183032611,ranked_status,0
183135633,player0,dicedstk
183135633,game_outcome,0
183135633,ranked_status,0
183138089,player0,dicedstk
183138089,game_outcome,1
183138089,ranked_status,0
183142436,player0,dicedstk
183142436,game_outcome,1
183142436,ranked_status,0
183143162,player0,dicedstk
183143162,game_outcome,1
183143162,ranked_status,0
183144108,player0,dicedstk
183144108,game_outcome,1
183144108,ranked_status,0
183288655,player0,dicedstk
183288655,game_outcome,1
183288655,ranked_status,0
183322031,player0,dicedstk
183322031,game_outcome,1
183322031,ranked_status,0
183330590,player0,dicedstk
183330590,game_outcome,1
183330590,ranked_status,0
183534024,player0,dicedstk
183534024,game_outcome,0
183534024,ranked_status,0
183535512,player0,dicedstk
183535512,game_outcome,1
183535512,ranked_status,0
183575109,player0,dicedstk
183575109,game_outcome,0
183575109,ranked_status,0
183629742,player0,dicedstk
183629742,game_outcome,0
183629742,ranked_status,0
183636318,player0,dicedstk
183636318,game_outcome,1
183636318,ranked_status,0
183637969,player0,dicedstk
183637969,game_outcome,0
183637969,ranked_status,0
183791690,player0,dicedstk
183791690,game_outcome,0
183791690,ranked_status,0
183792516,player0,dicedstk
183792516,game_outcome,1
183792516,ranked_status,0
183794760,player0,dicedstk
183794760,game_outcome,0
183794760,ranked_status,0
183820466,player0,dicedstk
183820466,game_outcome,0
183820466,ranked_status,0
183897649,player0,dicedstk
183897649,game_outcome,0
183897649,ranked_status,0
183899674,player0,dicedstk
183899674,game_outcome,1
183899674,ranked_status,0
183908375,player0,dicedstk
183908375,game_outcome,1
183908375,ranked_status,0
183961042,player0,dicedstk
183961042,game_outcome,1
183961042,ranked_status,0
184111362,player0,dicedstk
184111362,game_outcome,1
184111362,ranked_status,0
184112806,player0,dicedstk
184112806,game_outcome,0
184112806,ranked_status,0
184172199,player0,dicedstk
184172199,game_outcome,0
184172199,ranked_status,0
184209339,player0,dicedstk
184209339,game_outcome,0
184209339,ranked_status,0
184247141,player0,dicedstk
184247141,game_outcome,1
184247141,ranked_status,0
184340284,player0,dicedstk
184340284,game_outcome,1
184340284,ranked_status,0
184349832,player0,dicedstk
184349832,game_outcome,0
184349832,ranked_status,0
184353533,player0,skandaras
184353533,player1,dicedstk
184353533,game_outcome,0
184353533,ranked_status,0
184407967,player0,dicedstk
184407967,game_outcome,0
184407967,ranked_status,0
184409284,player0,dicedstk
184409284,game_outcome,0
184409284,ranked_status,0
184424741,player0,dicedstk
184424741,game_outcome,1
184424741,ranked_status,0
184436312,player0,dicedstk
184436312,game_outcome,0
184436312,ranked_status,0
184722121,player0,dicedstk
184722121,game_outcome,0
184722121,ranked_status,0
184723184,player0,dicedstk
184723184,game_outcome,0
184723184,ranked_status,0
184941102,player0,dicedstk
184941102,game_outcome,1
184941102,ranked_status,0
184953305,player0,dicedstk
184953305,game_outcome,0
184953305,ranked_status,0
185080445,player0,dicedstk
185080445,game_outcome,1
185080445,ranked_status,0
185235494,player0,dicedstk
185235494,game_outcome,1
185235494,ranked_status,0
185324137,player0,dicedstk
185324137,game_outcome,0
185324137,ranked_status,0
185332212,player0,dicedstk
185332212,game_outcome,0
185332212,ranked_status,0
185362882,player0,dicedstk
185362882,game_outcome,0
185362882,ranked_status,0
185365988,player0,dicedstk
185365988,game_outcome,0
185365988,ranked_status,0
185374179,player0,dicedstk
185374179,game_outcome,1
185374179,ranked_status,0
185380697,player0,dicedstk
185380697,game_outcome,0
185380697,ranked_status,0
185981574,player0,dicedstk
185981574,game_outcome,0
185981574,ranked_status,0
186201306,player0,dicedstk
186201306,game_outcome,1
186201306,ranked_status,0
186202682,player0,dicedstk
186202682,game_outcome,0
186202682,ranked_status,0
188773096,player0,dicedstk
188773096,game_outcome,1
188773096,ranked_status,0
188826399,player0,dicedstk
188826399,game_outcome,1
188826399,ranked_status,0
188881807,player0,dicedstk
188881807,game_outcome,1
188881807,ranked_status,0
188952781,player0,dicedstk
188952781,game_outcome,1
188952781,ranked_status,0
188964380,player0,dicedstk
188964380,game_outcome,1
188964380,ranked_status,0
189065594,player0,dicedstk
189065594,game_outcome,1
189065594,ranked_status,0
189097542,player0,dicedstk
189097542,game_outcome,0
189097542,ranked_status,0
189118882,player0,dicedstk
189118882,game_outcome,0
189118882,ranked_status,0
189212448,player0,dicedstk
189212448,game_outcome,0
189212448,ranked_status,0
189621797,player0,dicedstk
189621797,game_outcome,1
189621797,ranked_status,0
189964040,player0,dicedstk
189964040,game_outcome,0
189964040,ranked_status,0
199267165,player0,dicedstk
199267165,game_outcome,1
199267165,ranked_status,0
199366720,player0,dicedstk
199366720,game_outcome,0
199366720,ranked_status,0
199545971,player0,dicedstk
199545971,game_outcome,0
199545971,ranked_status,0
199691860,player0,dicedstk
199691860,game_outcome,1
199691860,ranked_status,0
199747945,player0,dicedstk
199747945,game_outcome,0
199747945,ranked_status,0
199961343,player0,dicedstk
199961343,game_outcome,1
199961343,ranked_status,0
176407459,player0,skandaras
176407459,player1,dicedstk
176407459,player2,diggs
176407459,game_outcome,1
176407459,ranked_status,0
176416372,player0,loui8sdstk
176416372,player1,skandaras
176416372,player2,diggs
176416372,game_outcome,1
176416372,ranked_status,0
176594234,player0,loui8sdstk
176594234,player1,skandaras
176594234,player2,menelaus34
176594234,player3,diggs
176594234,game_outcome,1
176594234,ranked_status,1
176617521,player0,skandaras
176617521,player1,dicedstk
176617521,player2,diggs
176617521,game_outcome,0
176617521,ranked_status,0
176629759,player0,skandaras
176629759,player1,diggs
176629759,player2,bumster
176629759,player3,loui8sdstk
176629759,game_outcome,0
176629759,ranked_status,1
176641111,player0,skandaras
176641111,player1,diggs
176641111,player2,bumster
176641111,player3,loui8sdstk
176641111,game_outcome,0
176641111,ranked_status,1
176737693,player0,loui8sdstk
176737693,player1,skandaras
176737693,player2,diggs
176737693,game_outcome,1
176737693,ranked_status,0
176835876,player0,loui8sdstk
176835876,player1,dicedstk
176835876,player2,bumster
176835876,player3,diggs
176835876,game_outcome,1
176835876,ranked_status,1
176888185,player0,loui8sdstk
176888185,player1,diggs
176888185,game_outcome,1
176888185,ranked_status,0
176897603,player0,loui8sdstk
176897603,player1,diggs
176897603,game_outcome,1
176897603,ranked_status,0
177006333,player0,loui8sdstk
177006333,player1,diggs
177006333,game_outcome,0
177006333,ranked_status,0
177015706,player0,loui8sdstk
177015706,player1,diggs
177015706,game_outcome,1
177015706,ranked_status,0
177027312,player0,diggs
177027312,player1,bumster
177027312,player2,loui8sdstk
177027312,game_outcome,1
177027312,ranked_status,1
177465330,player0,diggs
177465330,player1,skandaras
177465330,player2,bumster
177465330,player3,dicedstk
177465330,game_outcome,1
177465330,ranked_status,1
177655014,player0,skandaras
177655014,player1,menelaus34
177655014,player2,diggs
177655014,player3,loui8sdstk
177655014,game_outcome,1
177655014,ranked_status,1
177656591,player0,skandaras
177656591,player1,diggs
177656591,player2,menelaus34
177656591,player3,loui8sdstk
177656591,game_outcome,1
177656591,ranked_status,1
178332484,player0,diggs
178332484,game_outcome,1
178332484,ranked_status,0
178332992,player0,loui8sdstk
178332992,player1,diggs
178332992,game_outcome,1
178332992,ranked_status,0
178348181,player0,skandaras
178348181,player1,diggs
178348181,player2,loui8sdstk
178348181,player3,menelaus34
178348181,player4,bumster
178348181,game_outcome,0
178348181,ranked_status,1
178353228,player0,diggs
178353228,player1,bumster
178353228,player2,menelaus34
178353228,player3,loui8sdstk
178353228,game_outcome,1
178353228,ranked_status,1
181264650,player0,diggs
181264650,game_outcome,0
181264650,ranked_status,0
181274912,player0,diggs
181274912,game_outcome,1
181274912,ranked_status,0
185106561,player0,diggs
185106561,game_outcome,1
185106561,ranked_status,0
186519374,player0,bumster
186519374,player1,diggs
186519374,game_outcome,0
186519374,ranked_status,1
187726478,player0,loui8sdstk
187726478,player1,mwaxy
187726478,player2,skandaras
187726478,player3,diggs
187726478,game_outcome,0
187726478,ranked_status,1
187727153,player0,loui8sdstk
187727153,player1,mwaxy
187727153,player2,skandaras
187727153,player3,diggs
187727153,player4,muncheroo
187727153,game_outcome,1
187727153,ranked_status,1
187738737,player0,mwaxy
187738737,player1,skandaras
187738737,player2,diggs
187738737,player3,muncheroo
187738737,player4,shaarcer
187738737,game_outcome,0
187738737,ranked_status,1
187739887,player0,mwaxy
187739887,player1,skandaras
187739887,player2,diggs
187739887,player3,muncheroo
187739887,player4,shaarcer
187739887,game_outcome,0
187739887,ranked_status,1
187754556,player0,loui8sdstk
187754556,player1,mwaxy
187754556,player2,diggs
187754556,player3,shaarcer
187754556,game_outcome,0
187754556,ranked_status,1
187756120,player0,loui8sdstk
187756120,player1,mwaxy
187756120,player2,diggs
187756120,player3,shaarcer
187756120,game_outcome,1
187756120,ranked_status,1
187768269,player0,loui8sdstk
187768269,player1,diggs
187768269,player2,endgamedos
187768269,player3,muncheroo
187768269,game_outcome,0
187768269,ranked_status,1
187822267,player0,mwaxy
187822267,player1,diggs
187822267,player2,endgamedos
187822267,player3,muncheroo
187822267,player4,shaarcer
187822267,game_outcome,1
187822267,ranked_status,1
187830327,player0,diggs
187830327,player1,endgamedos
187830327,player2,muncheroo
187830327,player3,shaarcer
187830327,game_outcome,0
187830327,ranked_status,1
187904960,player0,loui8sdstk
187904960,player1,skandaras
187904960,player2,diggs
187904960,game_outcome,0
187904960,ranked_status,0
187912407,player0,skandaras
187912407,player1,diggs
187912407,game_outcome,0
187912407,ranked_status,0
188554063,player0,skandaras
188554063,player1,diggs
188554063,game_outcome,0
188554063,ranked_status,0
197429568,player0,dicedstk
197429568,player1,diggs
197429568,player2,menelaus34
197429568,game_outcome,0
197429568,ranked_status,1
197849930,player0,loui8sdstk
197849930,player1,diggs
197849930,game_outcome,1
197849930,ranked_status,1
197858340,player0,loui8sdstk
197858340,player1,diggs
197858340,game_outcome,1
197858340,ranked_status,1
197870767,player0,loui8sdstk
197870767,player1,diggs
197870767,game_outcome,1
197870767,ranked_status,1
197872702,player0,loui8sdstk
197872702,player1,diggs
197872702,player2,menelaus34
197872702,game_outcome,1
197872702,ranked_status,1
197965341,player0,diggs
197965341,game_outcome,0
197965341,ranked_status,1
197966619,player0,diggs
197966619,player1,menelaus34
197966619,game_outcome,0
197966619,ranked_status,1
197977692,player0,diggs
197977692,player1,menelaus34
197977692,game_outcome,1
197977692,ranked_status,1
197978064,player0,diggs
197978064,player1,menelaus34
197978064,game_outcome,1
197978064,ranked_status,1
197978335,player0,diggs
197978335,player1,menelaus34
197978335,game_outcome,1
197978335,ranked_status,1
198051850,player0,diggs
198051850,game_outcome,0
198051850,ranked_status,0
198052902,player0,diggs
198052902,game_outcome,0
198052902,ranked_status,0
198055289,player0,mwaxy
198055289,player1,diggs
198055289,player2,menelaus34
198055289,game_outcome,1
198055289,ranked_status,1
198056757,player0,mwaxy
198056757,player1,diggs
198056757,player2,menelaus34
198056757,game_outcome,0
198056757,ranked_status,1
198443546,player0,loui8sdstk
198443546,player1,skandaras
198443546,player2,dicedstk
198443546,player3,diggs
198443546,game_outcome,1
198443546,ranked_status,1
143979027,player0,loui8sdstk
143979027,player1,endgamedos
143979027,player2,bumster
143979027,game_outcome,1
143979027,ranked_status,0
143979582,player0,loui8sdstk
143979582,player1,endgamedos
143979582,player2,bumster
143979582,game_outcome,1
143979582,ranked_status,0
146138968,player0,skandaras
146138968,player1,dicedstk
146138968,player2,endgamedos
146138968,player3,diggs
146138968,game_outcome,0
146138968,ranked_status,1
179587960,player0,skandaras
179587960,player1,loui8sdstk
179587960,player2,endgamedos
179587960,game_outcome,1
179587960,ranked_status,1
179597030,player0,skandaras
179597030,player1,endgamedos
179597030,game_outcome,1
179597030,ranked_status,1
180383990,player0,endgamedos
180383990,game_outcome,1
180383990,ranked_status,1
180385412,player0,bumster
180385412,player1,endgamedos
180385412,game_outcome,1
180385412,ranked_status,1
181181366,player0,endgamedos
181181366,game_outcome,0
181181366,ranked_status,1
182920927,player0,endgamedos
182920927,game_outcome,0
182920927,ranked_status,1
182921485,player0,endgamedos
182921485,game_outcome,0
182921485,ranked_status,1
182923520,player0,endgamedos
182923520,game_outcome,0
182923520,ranked_status,1
182969031,player0,endgamedos
182969031,game_outcome,1
182969031,ranked_status,1
182976323,player0,endgamedos
182976323,game_outcome,0
182976323,ranked_status,1
182986669,player0,endgamedos
182986669,game_outcome,1
182986669,ranked_status,1
183141061,player0,endgamedos
183141061,game_outcome,1
183141061,ranked_status,1
183154617,player0,endgamedos
183154617,game_outcome,1
183154617,ranked_status,1
183599965,player0,endgamedos
183599965,game_outcome,1
183599965,ranked_status,1
183643711,player0,endgamedos
183643711,game_outcome,1
183643711,ranked_status,1
183647320,player0,endgamedos
183647320,game_outcome,1
183647320,ranked_status,1
183647434,player0,endgamedos
183647434,game_outcome,1
183647434,ranked_status,1
183647898,player0,endgamedos
183647898,game_outcome,1
183647898,ranked_status,1
183751060,player0,endgamedos
183751060,game_outcome,1
183751060,ranked_status,1
183751289,player0,endgamedos
183751289,game_outcome,1
183751289,ranked_status,1
183756648,player0,endgamedos
183756648,game_outcome,1
183756648,ranked_status,1
183764585,player0,endgamedos
183764585,game_outcome,0
183764585,ranked_status,1
183767024,player0,bumster
183767024,player1,endgamedos
183767024,game_outcome,0
183767024,ranked_status,1
184064490,player0,endgamedos
184064490,game_outcome,0
184064490,ranked_status,1
184070670,player0,endgamedos
184070670,game_outcome,1
184070670,ranked_status,1
184083681,player0,endgamedos
184083681,game_outcome,0
184083681,ranked_status,1
184089853,player0,endgamedos
184089853,game_outcome,0
184089853,ranked_status,1
184090476,player0,endgamedos
184090476,game_outcome,1
184090476,ranked_status,1
184090908,player0,endgamedos
184090908,game_outcome,1
184090908,ranked_status,1
184281719,player0,endgamedos
184281719,game_outcome,0
184281719,ranked_status,1
184354402,player0,endgamedos
184354402,game_outcome,1
184354402,ranked_status,1
184366467,player0,endgamedos
184366467,game_outcome,1
184366467,ranked_status,1
184366775,player0,endgamedos
184366775,game_outcome,1
184366775,ranked_status,1
184367194,player0,endgamedos
184367194,game_outcome,1
184367194,ranked_status,1
184376203,player0,endgamedos
184376203,game_outcome,0
184376203,ranked_status,1
184395634,player0,endgamedos
184395634,game_outcome,1
184395634,ranked_status,1
184434457,player0,endgamedos
184434457,game_outcome,1
184434457,ranked_status,1
184574381,player0,endgamedos
184574381,game_outcome,1
184574381,ranked_status,1
184719672,player0,endgamedos
184719672,game_outcome,0
184719672,ranked_status,1
184722750,player0,endgamedos
184722750,game_outcome,1
184722750,ranked_status,1
184730755,player0,endgamedos
184730755,game_outcome,1
184730755,ranked_status,1
186433298,player0,endgamedos
186433298,game_outcome,1
186433298,ranked_status,1
186434142,player0,bumster
186434142,player1,endgamedos
186434142,game_outcome,1
186434142,ranked_status,1
186435177,player0,bumster
186435177,player1,endgamedos
186435177,game_outcome,0
186435177,ranked_status,1
186523667,player0,endgamedos
186523667,game_outcome,0
186523667,ranked_status,1
186524665,player0,endgamedos
186524665,game_outcome,1
186524665,ranked_status,1
186715749,player0,endgamedos
186715749,game_outcome,0
186715749,ranked_status,1
186721921,player0,endgamedos
186721921,game_outcome,1
186721921,ranked_status,1
186947844,player0,endgamedos
186947844,game_outcome,1
186947844,ranked_status,1
186952100,player0,endgamedos
186952100,game_outcome,0
186952100,ranked_status,1
186953408,player0,endgamedos
186953408,game_outcome,1
186953408,ranked_status,1
188428721,player0,endgamedos
188428721,game_outcome,0
188428721,ranked_status,1
188434268,player0,endgamedos
188434268,game_outcome,1
188434268,ranked_status,1
188436771,player0,endgamedos
188436771,game_outcome,0
188436771,ranked_status,1
188503455,player0,endgamedos
188503455,game_outcome,0
188503455,ranked_status,1
188535369,player0,endgamedos
188535369,game_outcome,1
188535369,ranked_status,1
188544465,player0,endgamedos
188544465,game_outcome,1
188544465,ranked_status,1
188544801,player0,endgamedos
188544801,game_outcome,0
188544801,ranked_status,1
188628447,player0,endgamedos
188628447,game_outcome,0
188628447,ranked_status,1
188650083,player0,endgamedos
188650083,game_outcome,1
188650083,ranked_status,1
188824489,player0,endgamedos
188824489,game_outcome,1
188824489,ranked_status,1
188902794,player0,endgamedos
188902794,game_outcome,1
188902794,ranked_status,1
189079385,player0,endgamedos
189079385,game_outcome,1
189079385,ranked_status,1
189081391,player0,endgamedos
189081391,game_outcome,0
189081391,ranked_status,1
189092910,player0,endgamedos
189092910,game_outcome,0
189092910,ranked_status,1
189094764,player0,endgamedos
189094764,game_outcome,1
189094764,ranked_status,1
190589032,player0,endgamedos
190589032,game_outcome,1
190589032,ranked_status,1
192082206,player0,loui8sdstk
192082206,player1,diggs
192082206,player2,endgamedos
192082206,game_outcome,0
192082206,ranked_status,1
196927397,player0,loui8sdstk
196927397,player1,endgamedos
196927397,game_outcome,1
196927397,ranked_status,1
198129694,player0,loui8sdstk
198129694,player1,endgamedos
198129694,game_outcome,1
198129694,ranked_status,1
179729127,player0,loui8sdstk
179729127,player1,skandaras
179729127,game_outcome,1
179729127,ranked_status,0
179838682,player0,loui8sdstk
179838682,player1,skandaras
179838682,game_outcome,0
179838682,ranked_status,0
179857787,player0,loui8sdstk
179857787,player1,skandaras
179857787,game_outcome,0
179857787,ranked_status,0
179949405,player0,loui8sdstk
179949405,game_outcome,1
179949405,ranked_status,0
180085078,player0,loui8sdstk
180085078,game_outcome,0
180085078,ranked_status,0
180311659,player0,loui8sdstk
180311659,game_outcome,0
180311659,ranked_status,0
180329674,player0,loui8sdstk
180329674,game_outcome,0
180329674,ranked_status,0
180437951,player0,loui8sdstk
180437951,game_outcome,1
180437951,ranked_status,0
180439027,player0,loui8sdstk
180439027,player1,dicedstk
180439027,game_outcome,1
180439027,ranked_status,0
180447510,player0,loui8sdstk
180447510,game_outcome,0
180447510,ranked_status,0
180535304,player0,loui8sdstk
180535304,game_outcome,0
180535304,ranked_status,0
180535606,player0,loui8sdstk
180535606,game_outcome,1
180535606,ranked_status,0
180536729,player0,loui8sdstk
180536729,player1,endgamedos
180536729,game_outcome,1
180536729,ranked_status,0
180545120,player0,loui8sdstk
180545120,game_outcome,1
180545120,ranked_status,0
180829058,player0,loui8sdstk
180829058,game_outcome,0
180829058,ranked_status,0
180920131,player0,loui8sdstk
180920131,player1,bumster
180920131,game_outcome,0
180920131,ranked_status,1
180930734,player0,loui8sdstk
180930734,game_outcome,0
180930734,ranked_status,1
181013915,player0,loui8sdstk
181013915,player1,diggs
181013915,game_outcome,1
181013915,ranked_status,0
181234768,player0,bumster
181234768,player1,loui8sdstk
181234768,game_outcome,1
181234768,ranked_status,1
181242094,player0,loui8sdstk
181242094,player1,bumster
181242094,game_outcome,0
181242094,ranked_status,1
181243191,player0,loui8sdstk
181243191,game_outcome,1
181243191,ranked_status,1
181268414,player0,loui8sdstk
181268414,player1,dicedstk
181268414,game_outcome,0
181268414,ranked_status,0
181324255,player0,loui8sdstk
181324255,player1,diggs
181324255,game_outcome,1
181324255,ranked_status,0
181443674,player0,loui8sdstk
181443674,game_outcome,1
181443674,ranked_status,0
181506266,player0,loui8sdstk
181506266,game_outcome,1
181506266,ranked_status,0
181515337,player0,loui8sdstk
181515337,player1,dicedstk
181515337,game_outcome,0
181515337,ranked_status,0
181580155,player0,loui8sdstk
181580155,game_outcome,0
181580155,ranked_status,0
181580771,player0,loui8sdstk
181580771,game_outcome,1
181580771,ranked_status,0
182004478,player0,loui8sdstk
182004478,player1,dicedstk
182004478,game_outcome,1
182004478,ranked_status,0
182005642,player0,loui8sdstk
182005642,player1,dicedstk
182005642,game_outcome,1
182005642,ranked_status,0
182006135,player0,loui8sdstk
182006135,player1,dicedstk
182006135,game_outcome,1
182006135,ranked_status,0
182313590,player0,loui8sdstk
182313590,player1,dicedstk
182313590,game_outcome,0
182313590,ranked_status,0
183445915,player0,loui8sdstk
183445915,player1,dicedstk
183445915,game_outcome,1
183445915,ranked_status,0
183857949,player0,loui8sdstk
183857949,game_outcome,1
183857949,ranked_status,0
183908069,player0,loui8sdstk
183908069,game_outcome,1
183908069,ranked_status,0
183909238,player0,loui8sdstk
183909238,game_outcome,0
183909238,ranked_status,0
183960202,player0,loui8sdstk
183960202,game_outcome,1
183960202,ranked_status,0
184136710,player0,loui8sdstk
184136710,game_outcome,0
184136710,ranked_status,0
184176330,player0,loui8sdstk
184176330,game_outcome,0
184176330,ranked_status,0
184180239,player0,loui8sdstk
184180239,game_outcome,1
184180239,ranked_status,0
184190514,player0,loui8sdstk
184190514,game_outcome,0
184190514,ranked_status,0
184283278,player0,loui8sdstk
184283278,player1,smatties
184283278,player2,skandaras
184283278,player3,dicedstk
184283278,player4,endgamedos
184283278,game_outcome,0
184283278,ranked_status,0
184625316,player0,loui8sdstk
184625316,game_outcome,1
184625316,ranked_status,0
184633731,player0,loui8sdstk
184633731,game_outcome,0
184633731,ranked_status,0
184939730,player0,loui8sdstk
184939730,game_outcome,0
184939730,ranked_status,0
184990984,player0,loui8sdstk
184990984,game_outcome,1
184990984,ranked_status,0
185002133,player0,loui8sdstk
185002133,game_outcome,1
185002133,ranked_status,0
185096537,player0,loui8sdstk
185096537,game_outcome,1
185096537,ranked_status,0
185856164,player0,loui8sdstk
185856164,game_outcome,0
185856164,ranked_status,0
185864075,player0,loui8sdstk
185864075,game_outcome,1
185864075,ranked_status,0
185876046,player0,loui8sdstk
185876046,game_outcome,0
185876046,ranked_status,0
186046033,player0,loui8sdstk
186046033,game_outcome,0
186046033,ranked_status,0
186319073,player0,loui8sdstk
186319073,player1,diggs
186319073,game_outcome,0
186319073,ranked_status,0
188295330,player0,loui8sdstk
188295330,player1,dicedstk
188295330,game_outcome,0
188295330,ranked_status,0
188646498,player0,loui8sdstk
188646498,game_outcome,0
188646498,ranked_status,0
188657748,player0,loui8sdstk
188657748,game_outcome,1
188657748,ranked_status,0
188839012,player0,loui8sdstk
188839012,player1,skandaras
188839012,game_outcome,1
188839012,ranked_status,0
189534588,player0,loui8sdstk
189534588,game_outcome,0
189534588,ranked_status,0
189554884,player0,loui8sdstk
189554884,game_outcome,1
189554884,ranked_status,0
189556534,player0,loui8sdstk
189556534,game_outcome,1
189556534,ranked_status,0
189960000,player0,loui8sdstk
189960000,player1,diggs
189960000,game_outcome,0
189960000,ranked_status,0
199043521,player0,loui8sdstk
199043521,game_outcome,0
199043521,ranked_status,0
199051690,player0,loui8sdstk
199051690,game_outcome,1
199051690,ranked_status,0
199053316,player0,loui8sdstk
199053316,game_outcome,0
199053316,ranked_status,0
199100370,player0,loui8sdstk
199100370,player1,skandaras
199100370,game_outcome,1
199100370,ranked_status,0
199111593,player0,loui8sdstk
199111593,player1,skandaras
199111593,game_outcome,0
199111593,ranked_status,0
199987252,player0,loui8sdstk
199987252,game_outcome,1
199987252,ranked_status,0
199998026,player0,loui8sdstk
199998026,game_outcome,1
199998026,ranked_status,0
199999928,player0,loui8sdstk
199999928,player1,dicedstk
199999928,game_outcome,0
199999928,ranked_status,0
200048311,player0,loui8sdstk
200048311,game_outcome,0
200048311,ranked_status,0
200059462,player0,loui8sdstk
200059462,game_outcome,1
200059462,ranked_status,0
200130866,player0,loui8sdstk
200130866,game_outcome,1
200130866,ranked_status,0
167462253,player0,smatties
167462253,player1,skandaras
167462253,player2,loui9sdstk
167462253,game_outcome,0
167462253,ranked_status,0
167462911,player0,smatties
167462911,player1,skandaras
167462911,player2,loui9sdstk
167462911,game_outcome,1
167462911,ranked_status,0
167473634,player0,smatties
167473634,player1,skandaras
167473634,player2,loui9sdstk
167473634,game_outcome,1
167473634,ranked_status,0
167534399,player0,smatties
167534399,player1,skandaras
167534399,player2,loui9sdstk
167534399,game_outcome,1
167534399,ranked_status,0
168856100,player0,smatties
168856100,player1,loui9sdstk
168856100,player2,menelaus34
168856100,game_outcome,0
168856100,ranked_status,0
168866830,player0,smatties
168866830,player1,loui9sdstk
168866830,player2,menelaus34
168866830,game_outcome,0
168866830,ranked_status,0
169895484,player0,skandaras
169895484,player1,loui9sdstk
169895484,game_outcome,1
169895484,ranked_status,0
173462038,player0,smatties
173462038,player1,loui9sdstk
173462038,player2,dicedstk
173462038,player3,menelaus34
173462038,game_outcome,1
173462038,ranked_status,0
173797911,player0,skandaras
173797911,player1,loui9sdstk
173797911,player2,dicedstk
173797911,player3,menelaus34
173797911,game_outcome,0
173797911,ranked_status,0
173807171,player0,smatties
173807171,player1,skandaras
173807171,player2,loui9sdstk
173807171,player3,dicedstk
173807171,player4,menelaus34
173807171,game_outcome,0
173807171,ranked_status,0
175003590,player0,smatties
175003590,player1,skandaras
175003590,player2,loui9sdstk
175003590,player3,menelaus34
175003590,game_outcome,0
175003590,ranked_status,0
175014026,player0,smatties
175014026,player1,skandaras
175014026,player2,loui9sdstk
175014026,player3,menelaus34
175014026,game_outcome,0
175014026,ranked_status,0
175693103,player0,smatties
175693103,player1,skandaras
175693103,player2,bumster
175693103,player3,loui9sdstk
175693103,player4,menelaus34
175693103,game_outcome,0
175693103,ranked_status,0
175863818,player0,skandaras
175863818,player1,loui9sdstk
175863818,player2,menelaus34
175863818,game_outcome,0
175863818,ranked_status,0
176848108,player0,skandaras
176848108,player1,bumster
176848108,player2,loui9sdstk
176848108,player3,dicedstk
176848108,player4,menelaus34
176848108,game_outcome,0
176848108,ranked_status,0
178890139,player0,loui8sdstk
178890139,player1,skandaras
178890139,player2,menelaus34
178890139,game_outcome,1
178890139,ranked_status,0
178891356,player0,loui8sdstk
178891356,player1,skandaras
178891356,player2,menelaus34
178891356,game_outcome,0
178891356,ranked_status,0
178893915,player0,skandaras
178893915,player1,menelaus34
178893915,game_outcome,1
178893915,ranked_status,0
178900471,player0,loui8sdstk
178900471,player1,skandaras
178900471,player2,menelaus34
178900471,game_outcome,0
178900471,ranked_status,0
178904166,player0,skandaras
178904166,player1,menelaus34
178904166,game_outcome,0
178904166,ranked_status,0
178904939,player0,skandaras
178904939,player1,dicedstk
178904939,player2,menelaus34
178904939,game_outcome,0
178904939,ranked_status,0
178905617,player0,skandaras
178905617,player1,dicedstk
178905617,player2,menelaus34
178905617,game_outcome,0
178905617,ranked_status,0
179104913,player0,menelaus34
179104913,game_outcome,0
179104913,ranked_status,1
179111861,player0,menelaus34
179111861,game_outcome,1
179111861,ranked_status,1
179590344,player0,menelaus34
179590344,game_outcome,1
179590344,ranked_status,1
179878188,player0,menelaus34
179878188,game_outcome,1
179878188,ranked_status,1
179879855,player0,menelaus34
179879855,game_outcome,1
179879855,ranked_status,1
180117114,player0,menelaus34
180117114,game_outcome,0
180117114,ranked_status,1
180152084,player0,menelaus34
180152084,game_outcome,0
180152084,ranked_status,1
180368021,player0,menelaus34
180368021,game_outcome,1
180368021,ranked_status,1
180372904,player0,dicedstk
180372904,player1,menelaus34
180372904,game_outcome,1
180372904,ranked_status,0
180383404,player0,menelaus34
180383404,game_outcome,1
180383404,ranked_status,1
180389348,player0,bumster
180389348,player1,menelaus34
180389348,player2,dicedstk
180389348,game_outcome,1
180389348,ranked_status,1
180392811,player0,dicedstk
180392811,player1,menelaus34
180392811,game_outcome,1
180392811,ranked_status,0
180405973,player0,menelaus34
180405973,game_outcome,1
180405973,ranked_status,1
180467632,player0,menelaus34
180467632,game_outcome,1
180467632,ranked_status,1
180546297,player0,dicedstk
180546297,player1,menelaus34
180546297,game_outcome,1
180546297,ranked_status,0
180583863,player0,menelaus34
180583863,game_outcome,0
180583863,ranked_status,1
180584809,player0,menelaus34
180584809,game_outcome,1
180584809,ranked_status,1
180714867,player0,menelaus34
180714867,game_outcome,1
180714867,ranked_status,0
180715449,player0,dicedstk
180715449,player1,menelaus34
180715449,game_outcome,1
180715449,ranked_status,0
180753612,player0,menelaus34
180753612,game_outcome,1
180753612,ranked_status,0
180847355,player0,loui8sdstk
180847355,player1,menelaus34
180847355,player2,bumster
180847355,game_outcome,0
180847355,ranked_status,1
180912198,player0,loui8sdstk
180912198,player1,menelaus34
180912198,player2,bumster
180912198,game_outcome,1
180912198,ranked_status,1
181267680,player0,dicedstk
181267680,player1,menelaus34
181267680,game_outcome,1
181267680,ranked_status,0
181377539,player0,menelaus34
181377539,game_outcome,0
181377539,ranked_status,0
181378686,player0,menelaus34
181378686,game_outcome,1
181378686,ranked_status,1
181414825,player0,menelaus34
181414825,game_outcome,1
181414825,ranked_status,1
181445210,player0,dicedstk
181445210,player1,menelaus34
181445210,game_outcome,0
181445210,ranked_status,0
181454142,player0,dicedstk
181454142,player1,menelaus34
181454142,game_outcome,1
181454142,ranked_status,0
181454791,player0,dicedstk
181454791,player1,menelaus34
181454791,game_outcome,1
181454791,ranked_status,0
181484528,player0,dicedstk
181484528,player1,bumster
181484528,player2,menelaus34
181484528,game_outcome,1
181484528,ranked_status,1
181491795,player0,dicedstk
181491795,player1,menelaus34
181491795,player2,bumster
181491795,game_outcome,1
181491795,ranked_status,1
181492990,player0,bumster
181492990,player1,menelaus34
181492990,player2,dicedstk
181492990,game_outcome,1
181492990,ranked_status,1
181587318,player0,menelaus34
181587318,game_outcome,1
181587318,ranked_status,0
181607742,player0,menelaus34
181607742,game_outcome,1
181607742,ranked_status,0
181608363,player0,menelaus34
181608363,game_outcome,0
181608363,ranked_status,0
181966802,player0,menelaus34
181966802,game_outcome,0
181966802,ranked_status,1
182006731,player0,dicedstk
182006731,player1,menelaus34
182006731,game_outcome,1
182006731,ranked_status,0
182020709,player0,menelaus34
182020709,game_outcome,0
182020709,ranked_status,1
182021588,player0,menelaus34
182021588,game_outcome,0
182021588,ranked_status,1
182085337,player0,dicedstk
182085337,player1,menelaus34
182085337,game_outcome,1
182085337,ranked_status,0
182179884,player0,dicedstk
182179884,player1,menelaus34
182179884,game_outcome,1
182179884,ranked_status,0
182316837,player0,loui8sdstk
182316837,player1,dicedstk
182316837,player2,menelaus34
182316837,game_outcome,1
182316837,ranked_status,0
182317686,player0,loui8sdstk
182317686,player1,dicedstk
182317686,player2,menelaus34
182317686,game_outcome,0
182317686,ranked_status,0
182324528,player0,dicedstk
182324528,player1,menelaus34
182324528,game_outcome,1
182324528,ranked_status,0
182325137,player0,dicedstk
182325137,player1,menelaus34
182325137,game_outcome,1
182325137,ranked_status,0
184139729,player0,menelaus34
184139729,game_outcome,1
184139729,ranked_status,1
184161856,player0,menelaus34
184161856,game_outcome,1
184161856,ranked_status,1
184173169,player0,dicedstk
184173169,player1,menelaus34
184173169,game_outcome,1
184173169,ranked_status,0
184215597,player0,endgamedos
184215597,player1,menelaus34
184215597,game_outcome,0
184215597,ranked_status,1
184217231,player0,dicedstk
184217231,player1,menelaus34
184217231,game_outcome,1
184217231,ranked_status,0
184287211,player0,dicedstk
184287211,player1,menelaus34
184287211,game_outcome,0
184287211,ranked_status,0
198714640,player0,menelaus34
198714640,game_outcome,0
198714640,ranked_status,1
198781557,player0,skandaras
198781557,player1,menelaus34
198781557,game_outcome,1
198781557,ranked_status,1
198783404,player0,skandaras
198783404,player1,dicedstk
198783404,player2,menelaus34
198783404,game_outcome,1
198783404,ranked_status,0
199155296,player0,menelaus34
199155296,game_outcome,1
199155296,ranked_status,1
199159101,player0,skandaras
199159101,player1,dicedstk
199159101,player2,menelaus34
199159101,game_outcome,1
199159101,ranked_status,1
199296553,player0,menelaus34
199296553,game_outcome,1
199296553,ranked_status,1
199325715,player0,menelaus34
199325715,game_outcome,0
199325715,ranked_status,1
199335204,player0,menelaus34
199335204,game_outcome,1
199335204,ranked_status,1
199344963,player0,dicedstk
199344963,player1,menelaus34
199344963,game_outcome,1
199344963,ranked_status,1
199353152,player0,dicedstk
199353152,player1,menelaus34
199353152,game_outcome,0
199353152,ranked_status,1
199950575,player0,menelaus34
199950575,game_outcome,0
199950575,ranked_status,1
199961214,player0,menelaus34
199961214,game_outcome,1
199961214,ranked_status,1
176043819,player0,mwaxy
176043819,game_outcome,1
176043819,ranked_status,0
176045823,player0,mwaxy
176045823,game_outcome,0
176045823,ranked_status,0
176046647,player0,mwaxy
176046647,game_outcome,1
176046647,ranked_status,0
176101243,player0,mwaxy
176101243,game_outcome,1
176101243,ranked_status,0
176108703,player0,mwaxy
176108703,game_outcome,1
176108703,ranked_status,0
176111411,player0,mwaxy
176111411,game_outcome,1
176111411,ranked_status,0
176113489,player0,mwaxy
176113489,game_outcome,0
176113489,ranked_status,0
176127263,player0,mwaxy
176127263,player1,muncheroo
176127263,player2,diggs
176127263,player3,bumster
176127263,player4,menelaus34
176127263,game_outcome,1
176127263,ranked_status,1
176132964,player0,mwaxy
176132964,player1,menelaus34
176132964,player2,bumster
176132964,player3,diggs
176132964,player4,muncheroo
176132964,game_outcome,1
176132964,ranked_status,1
176167442,player0,mwaxy
176167442,game_outcome,0
176167442,ranked_status,0
176167615,player0,mwaxy
176167615,game_outcome,1
176167615,ranked_status,0
176176778,player0,mwaxy
176176778,game_outcome,0
176176778,ranked_status,0
176212335,player0,mwaxy
176212335,player1,skandaras
176212335,player2,bumster
176212335,game_outcome,1
176212335,ranked_status,1
176274063,player0,mwaxy
176274063,game_outcome,0
176274063,ranked_status,0
176274643,player0,mwaxy
176274643,game_outcome,0
176274643,ranked_status,0
176288788,player0,mwaxy
176288788,game_outcome,1
176288788,ranked_status,0
176351370,player0,mwaxy
176351370,game_outcome,1
176351370,ranked_status,0
176351798,player0,mwaxy
176351798,game_outcome,0
176351798,ranked_status,0
184125950,player0,loui8sdstk
184125950,player1,mwaxy
184125950,game_outcome,0
184125950,ranked_status,0
185568807,player0,mwaxy
185568807,game_outcome,1
185568807,ranked_status,0
185590561,player0,mwaxy
185590561,game_outcome,1
185590561,ranked_status,0
185592193,player0,mwaxy
185592193,game_outcome,1
185592193,ranked_status,0
185593874,player0,mwaxy
185593874,game_outcome,1
185593874,ranked_status,0
185627963,player0,mwaxy
185627963,player1,endgamedos
185627963,game_outcome,1
185627963,ranked_status,1
185628632,player0,mwaxy
185628632,player1,endgamedos
185628632,game_outcome,0
185628632,ranked_status,1
185633296,player0,mwaxy
185633296,game_outcome,0
185633296,ranked_status,0
185634575,player0,mwaxy
185634575,game_outcome,1
185634575,ranked_status,0
185725222,player0,mwaxy
185725222,game_outcome,0
185725222,ranked_status,0
185731894,player0,mwaxy
185731894,game_outcome,1
185731894,ranked_status,0
185774158,player0,mwaxy
185774158,game_outcome,1
185774158,ranked_status,0
185786424,player0,mwaxy
185786424,game_outcome,1
185786424,ranked_status,0
185806834,player0,mwaxy
185806834,game_outcome,1
185806834,ranked_status,0
185837882,player0,mwaxy
185837882,game_outcome,0
185837882,ranked_status,0
185846014,player0,mwaxy
185846014,game_outcome,0
185846014,ranked_status,0
185868298,player0,mwaxy
185868298,game_outcome,0
185868298,ranked_status,0
185880345,player0,mwaxy
185880345,game_outcome,0
185880345,ranked_status,0
185897242,player0,mwaxy
185897242,game_outcome,0
185897242,ranked_status,0
185905585,player0,mwaxy
185905585,game_outcome,0
185905585,ranked_status,0
185922313,player0,mwaxy
185922313,game_outcome,1
185922313,ranked_status,1
186018737,player0,mwaxy
186018737,game_outcome,1
186018737,ranked_status,0
186048318,player0,mwaxy
186048318,game_outcome,1
186048318,ranked_status,0
186149984,player0,mwaxy
186149984,game_outcome,0
186149984,ranked_status,0
186248628,player0,mwaxy
186248628,player1,ridethellama
186248628,game_outcome,1
186248628,ranked_status,0
186253159,player0,mwaxy
186253159,game_outcome,0
186253159,ranked_status,0
186274732,player0,mwaxy
186274732,game_outcome,0
186274732,ranked_status,0
186282388,player0,mwaxy
186282388,game_outcome,0
186282388,ranked_status,0
186708808,player0,mwaxy
186708808,game_outcome,1
186708808,ranked_status,0
188332321,player0,mwaxy
188332321,game_outcome,1
188332321,ranked_status,0
188333544,player0,mwaxy
188333544,game_outcome,1
188333544,ranked_status,0
188383043,player0,mwaxy
188383043,game_outcome,1
188383043,ranked_status,0
188384713,player0,mwaxy
188384713,game_outcome,0
188384713,ranked_status,0
188390737,player0,mwaxy
188390737,game_outcome,1
188390737,ranked_status,0
188391850,player0,mwaxy
188391850,game_outcome,1
188391850,ranked_status,0
188502281,player0,mwaxy
188502281,game_outcome,0
188502281,ranked_status,0
188504498,player0,mwaxy
188504498,game_outcome,1
188504498,ranked_status,0
188505394,player0,mwaxy
188505394,player1,endgamedos
188505394,game_outcome,0
188505394,ranked_status,0
188516772,player0,mwaxy
188516772,player1,endgamedos
188516772,game_outcome,1
188516772,ranked_status,0
188547397,player0,mwaxy
188547397,player1,skandaras
188547397,player2,diggs
188547397,player3,endgamedos
188547397,game_outcome,1
188547397,ranked_status,1
188556344,player0,mwaxy
188556344,player1,skandaras
188556344,player2,diggs
188556344,player3,endgamedos
188556344,game_outcome,1
188556344,ranked_status,1
188604193,player0,mwaxy
188604193,player1,skandaras
188604193,player2,dicedstk
188604193,player3,diggs
188604193,game_outcome,1
188604193,ranked_status,1
188615258,player0,mwaxy
188615258,player1,skandaras
188615258,player2,dicedstk
188615258,player3,diggs
188615258,game_outcome,0
188615258,ranked_status,1
188865928,player0,mwaxy
188865928,game_outcome,0
188865928,ranked_status,0
188867098,player0,mwaxy
188867098,game_outcome,1
188867098,ranked_status,0
188868394,player0,mwaxy
188868394,game_outcome,0
188868394,ranked_status,0
188900253,player0,mwaxy
188900253,game_outcome,0
188900253,ranked_status,0
188937166,player0,mwaxy
188937166,game_outcome,1
188937166,ranked_status,0
189236660,player0,mwaxy
189236660,game_outcome,0
189236660,ranked_status,0
199243018,player0,mwaxy
199243018,game_outcome,1
199243018,ranked_status,1
199319638,player0,mwaxy
199319638,game_outcome,1
199319638,ranked_status,1
199413346,player0,mwaxy
199413346,game_outcome,1
199413346,ranked_status,1
199667702,player0,mwaxy
199667702,game_outcome,0
199667702,ranked_status,1
199687815,player0,mwaxy
199687815,game_outcome,0
199687815,ranked_status,1
199724568,player0,mwaxy
199724568,game_outcome,1
199724568,ranked_status,1
199752885,player0,mwaxy
199752885,game_outcome,1
199752885,ranked_status,1
199820605,player0,mwaxy
199820605,game_outcome,0
199820605,ranked_status,1
199842810,player0,mwaxy
199842810,game_outcome,1
199842810,ranked_status,1
199854139,player0,mwaxy
199854139,game_outcome,0
199854139,ranked_status,1
199950359,player0,mwaxy
199950359,game_outcome,1
199950359,ranked_status,1
199994589,player0,mwaxy
199994589,game_outcome,0
199994589,ranked_status,1
179859510,player0,loui8sdstk
179859510,player1,skandaras
179859510,player2,menelaus34
179859510,game_outcome,1
179859510,ranked_status,0
179881482,player0,loui8sdstk
179881482,player1,skandaras
179881482,game_outcome,1
179881482,ranked_status,0
179888831,player0,loui8sdstk
179888831,player1,skandaras
179888831,game_outcome,1
179888831,ranked_status,0
179900112,player0,loui8sdstk
179900112,player1,skandaras
179900112,game_outcome,1
179900112,ranked_status,0
179900716,player0,loui8sdstk
179900716,player1,skandaras
179900716,game_outcome,0
179900716,ranked_status,0
179901443,player0,loui8sdstk
179901443,player1,skandaras
179901443,game_outcome,1
179901443,ranked_status,0
179909190,player0,loui8sdstk
179909190,player1,skandaras
179909190,game_outcome,1
179909190,ranked_status,0
179909689,player0,loui8sdstk
179909689,player1,skandaras
179909689,game_outcome,1
179909689,ranked_status,0
179941399,player0,loui8sdstk
179941399,player1,skandaras
179941399,player2,dicedstk
179941399,game_outcome,1
179941399,ranked_status,0
179950281,player0,loui8sdstk
179950281,player1,skandaras
179950281,game_outcome,1
179950281,ranked_status,0
179951612,player0,loui8sdstk
179951612,player1,skandaras
179951612,player2,dicedstk
179951612,game_outcome,0
179951612,ranked_status,0
180062744,player0,skandaras
180062744,player1,dicedstk
180062744,game_outcome,1
180062744,ranked_status,0
180089492,player0,loui8sdstk
180089492,player1,skandaras
180089492,game_outcome,0
180089492,ranked_status,0
180130313,player0,loui8sdstk
180130313,player1,skandaras
180130313,game_outcome,0
180130313,ranked_status,0
180131554,player0,loui8sdstk
180131554,player1,skandaras
180131554,player2,menelaus34
180131554,game_outcome,0
180131554,ranked_status,0
180132740,player0,skandaras
180132740,game_outcome,0
180132740,ranked_status,0
180140548,player0,skandaras
180140548,player1,menelaus34
180140548,game_outcome,0
180140548,ranked_status,0
180141806,player0,loui8sdstk
180141806,player1,skandaras
180141806,game_outcome,0
180141806,ranked_status,0
180142663,player0,skandaras
180142663,game_outcome,0
180142663,ranked_status,0
180716186,player0,loui8sdstk
180716186,player1,skandaras
180716186,player2,dicedstk
180716186,game_outcome,1
180716186,ranked_status,0
180716826,player0,loui8sdstk
180716826,player1,skandaras
180716826,player2,dicedstk
180716826,game_outcome,0
180716826,ranked_status,0
180774789,player0,skandaras
180774789,game_outcome,1
180774789,ranked_status,0
180775625,player0,skandaras
180775625,player1,dicedstk
180775625,game_outcome,0
180775625,ranked_status,0
180776296,player0,skandaras
180776296,player1,dicedstk
180776296,player2,menelaus34
180776296,game_outcome,0
180776296,ranked_status,0
180812044,player0,skandaras
180812044,game_outcome,0
180812044,ranked_status,0
180813532,player0,loui8sdstk
180813532,player1,skandaras
180813532,game_outcome,1
180813532,ranked_status,0
180822584,player0,skandaras
180822584,game_outcome,1
180822584,ranked_status,0
180823015,player0,skandaras
180823015,game_outcome,1
180823015,ranked_status,0
180845184,player0,skandaras
180845184,player1,menelaus34
180845184,player2,bumster
180845184,player3,loui8sdstk
180845184,game_outcome,0
180845184,ranked_status,1
181036498,player0,diggs
181036498,player1,bumster
181036498,player2,skandaras
181036498,player3,dicedstk
181036498,player4,loui8sdstk
181036498,game_outcome,0
181036498,ranked_status,1
181052643,player0,dicedstk
181052643,player1,diggs
181052643,player2,skandaras
181052643,player3,endgamedos
181052643,game_outcome,0
181052643,ranked_status,1
181054398,player0,endgamedos
181054398,player1,dicedstk
181054398,player2,diggs
181054398,player3,skandaras
181054398,game_outcome,1
181054398,ranked_status,1
181074800,player0,skandaras
181074800,game_outcome,0
181074800,ranked_status,0
181104292,player0,skandaras
181104292,player1,endgamedos
181104292,game_outcome,1
181104292,ranked_status,1
181116460,player0,skandaras
181116460,player1,diggs
181116460,player2,dicedstk
181116460,player3,menelaus34
181116460,game_outcome,1
181116460,ranked_status,1
181192156,player0,skandaras
181192156,game_outcome,1
181192156,ranked_status,0
181194091,player0,skandaras
181194091,game_outcome,0
181194091,ranked_status,0
181195027,player0,skandaras
181195027,game_outcome,0
181195027,ranked_status,0
181195433,player0,skandaras
181195433,game_outcome,0
181195433,ranked_status,0
181213452,player0,skandaras
181213452,game_outcome,1
181213452,ranked_status,0
181217522,player0,skandaras
181217522,player1,dicedstk
181217522,player2,menelaus34
181217522,game_outcome,1
181217522,ranked_status,0
181226871,player0,skandaras
181226871,player1,dicedstk
181226871,player2,endgamedos
181226871,game_outcome,1
181226871,ranked_status,1
181262135,player0,skandaras
181262135,game_outcome,1
181262135,ranked_status,0
181262369,player0,skandaras
181262369,game_outcome,0
181262369,ranked_status,0
181262822,player0,skandaras
181262822,game_outcome,1
181262822,ranked_status,0
181271666,player0,skandaras
181271666,game_outcome,0
181271666,ranked_status,0
181751943,player0,loui8sdstk
181751943,player1,skandaras
181751943,game_outcome,0
181751943,ranked_status,0
181752869,player0,loui8sdstk
181752869,player1,skandaras
181752869,game_outcome,1
181752869,ranked_status,0
181762047,player0,loui8sdstk
181762047,player1,skandaras
181762047,game_outcome,1
181762047,ranked_status,0
181832006,player0,loui8sdstk
181832006,player1,skandaras
181832006,game_outcome,0
181832006,ranked_status,0
182107949,player0,loui8sdstk
182107949,player1,skandaras
182107949,player2,diggs
182107949,player3,menelaus34
182107949,game_outcome,0
182107949,ranked_status,1
182175409,player0,loui8sdstk
182175409,player1,skandaras
182175409,game_outcome,0
182175409,ranked_status,0
182589359,player0,loui8sdstk
182589359,player1,skandaras
182589359,game_outcome,0
182589359,ranked_status,0
182599578,player0,loui8sdstk
182599578,player1,skandaras
182599578,game_outcome,0
182599578,ranked_status,0
182815756,player0,loui8sdstk
182815756,player1,skandaras
182815756,game_outcome,1
182815756,ranked_status,0
182816678,player0,loui8sdstk
182816678,player1,skandaras
182816678,game_outcome,0
182816678,ranked_status,0
183130662,player0,skandaras
183130662,player1,endgamedos
183130662,game_outcome,0
183130662,ranked_status,1
183183059,player0,skandaras
183183059,player1,bumster
183183059,player2,dicedstk
183183059,game_outcome,0
183183059,ranked_status,1
183225656,player0,skandaras
183225656,game_outcome,1
183225656,ranked_status,0
183227846,player0,loui8sdstk
183227846,player1,skandaras
183227846,player2,endgamedos
183227846,game_outcome,0
183227846,ranked_status,0
183228736,player0,loui8sdstk
183228736,player1,skandaras
183228736,game_outcome,1
183228736,ranked_status,0
183234276,player0,skandaras
183234276,game_outcome,0
183234276,ranked_status,0
183236706,player0,loui8sdstk
183236706,player1,skandaras
183236706,game_outcome,0
183236706,ranked_status,0
183407196,player0,loui8sdstk
183407196,player1,skandaras
183407196,player2,dicedstk
183407196,game_outcome,1
183407196,ranked_status,0
183408649,player0,loui8sdstk
183408649,player1,skandaras
183408649,game_outcome,0
183408649,ranked_status,0
183449729,player0,loui8sdstk
183449729,player1,skandaras
183449729,player2,dicedstk
183449729,game_outcome,1
183449729,ranked_status,0
184163564,player0,loui8sdstk
184163564,player1,skandaras
184163564,game_outcome,0
184163564,ranked_status,0
184164758,player0,loui8sdstk
184164758,player1,skandaras
184164758,game_outcome,0
184164758,ranked_status,0
184175600,player0,loui8sdstk
184175600,player1,skandaras
184175600,game_outcome,0
184175600,ranked_status,0
184201916,player0,loui8sdstk
184201916,player1,skandaras
184201916,player2,endgamedos
184201916,game_outcome,0
184201916,ranked_status,0
184207603,player0,loui8sdstk
184207603,player1,skandaras
184207603,game_outcome,0
184207603,ranked_status,0
184212994,player0,loui8sdstk
184212994,player1,skandaras
184212994,game_outcome,1
184212994,ranked_status,0
184218860,player0,loui8sdstk
184218860,player1,skandaras
184218860,game_outcome,1
184218860,ranked_status,0
184355345,player0,loui8sdstk
184355345,player1,skandaras
184355345,player2,dicedstk
184355345,game_outcome,0
184355345,ranked_status,0
184622510,player0,skandaras
184622510,player1,dicedstk
184622510,game_outcome,0
184622510,ranked_status,0
185105669,player0,skandaras
185105669,player1,dicedstk
185105669,game_outcome,1
185105669,ranked_status,0
185229792,player0,loui8sdstk
185229792,player1,skandaras
185229792,game_outcome,0
185229792,ranked_status,0
185289870,player0,loui8sdstk
185289870,player1,skandaras
185289870,game_outcome,1
185289870,ranked_status,0
185296992,player0,loui8sdstk
185296992,player1,skandaras
185296992,game_outcome,1
185296992,ranked_status,0
185298387,player0,loui8sdstk
185298387,player1,skandaras
185298387,game_outcome,0
185298387,ranked_status,0
185321885,player0,loui8sdstk
185321885,player1,skandaras
185321885,game_outcome,1
185321885,ranked_status,0
186054294,player0,skandaras
186054294,player1,loui9sdstk
186054294,game_outcome,1
186054294,ranked_status,0
186192582,player0,skandaras
186192582,game_outcome,0
186192582,ranked_status,0
186308646,player0,skandaras
186308646,player1,endgamedos
186308646,game_outcome,0
186308646,ranked_status,1
186424488,player0,skandaras
186424488,player1,loui9sdstk
186424488,game_outcome,1
186424488,ranked_status,0
186513007,player0,skandaras
186513007,player1,bumster
186513007,player2,diggs
186513007,player3,endgamedos
186513007,game_outcome,0
186513007,ranked_status,1
186522253,player0,skandaras
186522253,player1,bumster
186522253,player2,diggs
186522253,player3,endgamedos
186522253,game_outcome,0
186522253,ranked_status,1
186726285,player0,loui8sdstk
186726285,player1,skandaras
186726285,game_outcome,1
186726285,ranked_status,0
188957933,player0,skandaras
188957933,player1,endgamedos
188957933,game_outcome,0
188957933,ranked_status,1
188969591,player0,skandaras
188969591,player1,dicedstk
188969591,game_outcome,1
188969591,ranked_status,0
189021282,player0,loui8sdstk
189021282,player1,skandaras
189021282,player2,dicedstk
189021282,game_outcome,1
189021282,ranked_status,0
189069628,player0,loui8sdstk
189069628,player1,skandaras
189069628,player2,dicedstk
189069628,game_outcome,0
189069628,ranked_status,0
189077509,player0,loui8sdstk
189077509,player1,skandaras
189077509,player2,dicedstk
189077509,game_outcome,1
189077509,ranked_status,0
189090636,player0,loui8sdstk
189090636,player1,skandaras
189090636,player2,dicedstk
189090636,game_outcome,1
189090636,ranked_status,0
189092564,player0,skandaras
189092564,player1,dicedstk
189092564,game_outcome,1
189092564,ranked_status,0
189095901,player0,skandaras
189095901,player1,dicedstk
189095901,game_outcome,0
189095901,ranked_status,0
189134655,player0,skandaras
189134655,player1,bumster
189134655,game_outcome,1
189134655,ranked_status,1
189368750,player0,loui8sdstk
189368750,player1,skandaras
189368750,game_outcome,0
189368750,ranked_status,0
189376001,player0,loui8sdstk
189376001,player1,skandaras
189376001,game_outcome,0
189376001,ranked_status,0
189380971,player0,loui8sdstk
189380971,player1,skandaras
189380971,game_outcome,0
189380971,ranked_status,0
189445777,player0,loui8sdstk
189445777,player1,skandaras
189445777,game_outcome,1
189445777,ranked_status,0
189456771,player0,loui8sdstk
189456771,player1,skandaras
189456771,game_outcome,0
189456771,ranked_status,0
189600770,player0,loui8sdstk
189600770,player1,skandaras
189600770,game_outcome,1
189600770,ranked_status,0
189890849,player0,skandaras
189890849,player1,dicedstk
189890849,player2,diggs
189890849,game_outcome,0
189890849,ranked_status,0
189935514,player0,loui8sdstk
189935514,player1,skandaras
189935514,player2,diggs
189935514,game_outcome,0
189935514,ranked_status,0
189937732,player0,loui8sdstk
189937732,player1,skandaras
189937732,player2,diggs
189937732,game_outcome,1
189937732,ranked_status,0
199246410,player0,loui8sdstk
199246410,player1,skandaras
199246410,player2,dicedstk
199246410,game_outcome,0
199246410,ranked_status,0
199247575,player0,loui8sdstk
199247575,player1,mwaxy
199247575,player2,skandaras
199247575,player3,dicedstk
199247575,game_outcome,0
199247575,ranked_status,1
199249051,player0,loui8sdstk
199249051,player1,mwaxy
199249051,player2,skandaras
199249051,player3,dicedstk
199249051,game_outcome,0
199249051,ranked_status,1
199327212,player0,mwaxy
199327212,player1,skandaras
199327212,player2,menelaus34
199327212,game_outcome,1
199327212,ranked_status,1
199432187,player0,skandaras
199432187,player1,dicedstk
199432187,game_outcome,1
199432187,ranked_status,0
199434348,player0,loui8sdstk
199434348,player1,skandaras
199434348,player2,dicedstk
199434348,player3,menelaus34
199434348,game_outcome,0
199434348,ranked_status,1
199558097,player0,skandaras
199558097,player1,dicedstk
199558097,game_outcome,1
199558097,ranked_status,0
199698886,player0,loui8sdstk
199698886,player1,skandaras
199698886,game_outcome,1
199698886,ranked_status,0
199700389,player0,loui8sdstk
199700389,player1,skandaras
199700389,game_outcome,1
199700389,ranked_status,1
199821779,player0,loui8sdstk
199821779,player1,skandaras
199821779,player2,menelaus34
199821779,game_outcome,1
199821779,ranked_status,1
199923495,player0,skandaras
199923495,player1,dicedstk
199923495,game_outcome,0
199923495,ranked_status,0
199935982,player0,skandaras
199935982,player1,dicedstk
199935982,game_outcome,0
199935982,ranked_status,0
199942968,player0,skandaras
199942968,player1,dicedstk
199942968,player2,menelaus34
199942968,game_outcome,0
199942968,ranked_status,1
199944126,player0,mwaxy
199944126,player1,skandaras
199944126,player2,dicedstk
199944126,player3,menelaus34
199944126,game_outcome,0
199944126,ranked_status,1
200006169,player0,skandaras
200006169,player1,dicedstk
200006169,player2,diggs
200006169,player3,menelaus34
200006169,game_outcome,1
200006169,ranked_status,1
200007525,player0,mwaxy
200007525,player1,skandaras
200007525,player2,dicedstk
200007525,player3,diggs
200007525,player4,menelaus34
200007525,game_outcome,1
200007525,ranked_status,1
200009423,player0,mwaxy
200009423,player1,skandaras
200009423,player2,dicedstk
200009423,player3,diggs
200009423,player4,menelaus34
200009423,game_outcome,0
200009423,ranked_status,1
200031059,player0,mwaxy
200031059,player1,skandaras
200031059,player2,dicedstk
200031059,game_outcome,0
200031059,ranked_status,0
200045038,player0,loui8sdstk
200045038,player1,mwaxy
200045038,player2,skandaras
200045038,player3,diggs
200045038,game_outcome,0
200045038,ranked_status,1
200055665,player0,loui8sdstk
200055665,player1,skandaras
200055665,player2,diggs
200055665,game_outcome,1
200055665,ranked_status,1
200115991,player0,loui8sdstk
200115991,player1,mwaxy
200115991,player2,skandaras
200115991,player3,dicedstk
200115991,player4,diggs
200115991,game_outcome,1
200115991,ranked_status,1
176178735,player0,mwaxy
176178735,player1,smatties
176178735,player2,skandaras
176178735,player3,bumster
176178735,player4,dicedstk
176178735,game_outcome,0
176178735,ranked_status,0
176179085,player0,mwaxy
176179085,player1,smatties
176179085,player2,skandaras
176179085,player3,bumster
176179085,player4,dicedstk
176179085,game_outcome,0
176179085,ranked_status,0
176340965,player0,smatties
176340965,player1,skandaras
176340965,player2,loui9sdstk
176340965,player3,dicedstk
176340965,player4,menelaus34
176340965,game_outcome,0
176340965,ranked_status,0
176342513,player0,smatties
176342513,player1,skandaras
176342513,player2,loui9sdstk
176342513,player3,dicedstk
176342513,player4,menelaus34
176342513,game_outcome,1
176342513,ranked_status,0
176342971,player0,smatties
176342971,player1,skandaras
176342971,player2,loui9sdstk
176342971,player3,dicedstk
176342971,player4,menelaus34
176342971,game_outcome,1
176342971,ranked_status,0
176351489,player0,smatties
176351489,player1,skandaras
176351489,player2,loui9sdstk
176351489,player3,dicedstk
176351489,player4,menelaus34
176351489,game_outcome,0
176351489,ranked_status,0
176353333,player0,smatties
176353333,player1,skandaras
176353333,player2,loui9sdstk
176353333,player3,dicedstk
176353333,player4,menelaus34
176353333,game_outcome,1
176353333,ranked_status,0
176728050,player0,loui8sdstk
176728050,player1,smatties
176728050,player2,skandaras
176728050,game_outcome,1
176728050,ranked_status,0
176738342,player0,loui8sdstk
176738342,player1,smatties
176738342,player2,skandaras
176738342,game_outcome,0
176738342,ranked_status,0
176738793,player0,loui8sdstk
176738793,player1,smatties
176738793,player2,skandaras
176738793,game_outcome,0
176738793,ranked_status,0
177118769,player0,loui8sdstk
177118769,player1,smatties
177118769,player2,dicedstk
177118769,game_outcome,1
177118769,ranked_status,0
177571962,player0,loui8sdstk
177571962,player1,smatties
177571962,player2,dicedstk
177571962,game_outcome,0
177571962,ranked_status,0
177628756,player0,loui8sdstk
177628756,player1,smatties
177628756,player2,skandaras
177628756,game_outcome,1
177628756,ranked_status,0
177637803,player0,smatties
177637803,player1,skandaras
177637803,player2,menelaus34
177637803,game_outcome,0
177637803,ranked_status,0
178152014,player0,smatties
178152014,player1,skandaras
178152014,player2,dicedstk
178152014,game_outcome,1
178152014,ranked_status,0
178260971,player0,loui8sdstk
178260971,player1,smatties
178260971,player2,skandaras
178260971,game_outcome,0
178260971,ranked_status,0
178279785,player0,smatties
178279785,player1,skandaras
178279785,game_outcome,1
178279785,ranked_status,0
178337735,player0,smatties
178337735,player1,skandaras
178337735,player2,dicedstk
178337735,player3,menelaus34
178337735,game_outcome,0
178337735,ranked_status,0
178349468,player0,menelaus34
178349468,player1,bumster
178349468,player2,smatties
178349468,player3,skandaras
178349468,game_outcome,0
178349468,ranked_status,1
178360878,player0,menelaus34
178360878,player1,smatties
178360878,player2,skandaras
178360878,player3,bumster
178360878,game_outcome,1
178360878,ranked_status,1
181016830,player0,loui8sdstk
181016830,player1,smatties
181016830,player2,skandaras
181016830,game_outcome,1
181016830,ranked_status,0
181038353,player0,diggs
181038353,player1,smatties
181038353,player2,loui8sdstk
181038353,player3,skandaras
181038353,player4,dicedstk
181038353,game_outcome,1
181038353,ranked_status,1
181073529,player0,smatties
181073529,player1,skandaras
181073529,player2,endgamedos
181073529,game_outcome,0
181073529,ranked_status,0
181075206,player0,smatties
181075206,player1,skandaras
181075206,player2,dicedstk
181075206,game_outcome,1
181075206,ranked_status,0
181083640,player0,smatties
181083640,player1,skandaras
181083640,player2,endgamedos
181083640,game_outcome,1
181083640,ranked_status,0
181084159,player0,smatties
181084159,player1,skandaras
181084159,game_outcome,0
181084159,ranked_status,0
181086085,player0,loui8sdstk
181086085,player1,smatties
181086085,player2,skandaras
181086085,player3,dicedstk
181086085,player4,menelaus34
181086085,game_outcome,1
181086085,ranked_status,0
181086687,player0,loui8sdstk
181086687,player1,smatties
181086687,player2,skandaras
181086687,player3,dicedstk
181086687,player4,menelaus34
181086687,game_outcome,0
181086687,ranked_status,0
181216768,player0,loui8sdstk
181216768,player1,smatties
181216768,player2,skandaras
181216768,player3,endgamedos
181216768,player4,menelaus34
181216768,game_outcome,0
181216768,ranked_status,0
181273104,player0,smatties
181273104,player1,skandaras
181273104,game_outcome,1
181273104,ranked_status,0
181335066,player0,smatties
181335066,player1,skandaras
181335066,game_outcome,0
181335066,ranked_status,0
182397098,player0,loui8sdstk
182397098,player1,smatties
182397098,player2,skandaras
182397098,player3,dicedstk
182397098,player4,endgamedos
182397098,game_outcome,1
182397098,ranked_status,0
182453840,player0,smatties
182453840,player1,skandaras
182453840,game_outcome,1
182453840,ranked_status,0
183181967,player0,smatties
183181967,player1,skandaras
183181967,player2,dicedstk
183181967,game_outcome,1
183181967,ranked_status,0
183190638,player0,smatties
183190638,player1,skandaras
183190638,game_outcome,0
183190638,ranked_status,0
183522539,player0,smatties
183522539,player1,skandaras
183522539,game_outcome,1
183522539,ranked_status,0
183523418,player0,smatties
183523418,player1,skandaras
183523418,game_outcome,0
183523418,ranked_status,0
183524212,player0,smatties
183524212,player1,skandaras
183524212,game_outcome,0
183524212,ranked_status,0
183525402,player0,smatties
183525402,player1,skandaras
183525402,game_outcome,1
183525402,ranked_status,0
183861103,player0,smatties
183861103,player1,skandaras
183861103,game_outcome,1
183861103,ranked_status,0
184210311,player0,loui8sdstk
184210311,player1,smatties
184210311,player2,skandaras
184210311,game_outcome,1
184210311,ranked_status,0
184284752,player0,loui8sdstk
184284752,player1,smatties
184284752,player2,skandaras
184284752,player3,dicedstk
184284752,player4,endgamedos
184284752,game_outcome,1
184284752,ranked_status,0
184285795,player0,smatties
184285795,player1,skandaras
184285795,player2,dicedstk
184285795,player3,endgamedos
184285795,player4,menelaus34
184285795,game_outcome,0
184285795,ranked_status,0
184425083,player0,smatties
184425083,player1,skandaras
184425083,game_outcome,0
184425083,ranked_status,0
184433583,player0,smatties
184433583,player1,skandaras
184433583,game_outcome,1
184433583,ranked_status,0
184436004,player0,smatties
184436004,player1,skandaras
184436004,game_outcome,1
184436004,ranked_status,0
184499394,player0,smatties
184499394,player1,skandaras
184499394,player2,dicedstk
184499394,game_outcome,0
184499394,ranked_status,0
184510828,player0,loui8sdstk
184510828,player1,smatties
184510828,player2,skandaras
184510828,game_outcome,1
184510828,ranked_status,0
184554392,player0,smatties
184554392,player1,skandaras
184554392,game_outcome,1
184554392,ranked_status,0
184555945,player0,smatties
184555945,player1,skandaras
184555945,game_outcome,1
184555945,ranked_status,0
184557904,player0,smatties
184557904,player1,skandaras
184557904,game_outcome,1
184557904,ranked_status,0
184559698,player0,smatties
184559698,player1,skandaras
184559698,player2,dicedstk
184559698,game_outcome,1
184559698,ranked_status,0
184621381,player0,smatties
184621381,player1,skandaras
184621381,player2,dicedstk
184621381,game_outcome,1
184621381,ranked_status,0
184654127,player0,loui8sdstk
184654127,player1,smatties
184654127,player2,skandaras
184654127,game_outcome,1
184654127,ranked_status,0
184656137,player0,smatties
184656137,player1,skandaras
184656137,game_outcome,1
184656137,ranked_status,0
184657133,player0,smatties
184657133,player1,skandaras
184657133,game_outcome,1
184657133,ranked_status,0
184658532,player0,smatties
184658532,player1,skandaras
184658532,game_outcome,1
184658532,ranked_status,0
184670931,player0,smatties
184670931,player1,skandaras
184670931,game_outcome,0
184670931,ranked_status,0
184707332,player0,loui8sdstk
184707332,player1,smatties
184707332,player2,skandaras
184707332,game_outcome,1
184707332,ranked_status,0
184717785,player0,loui8sdstk
184717785,player1,smatties
184717785,player2,skandaras
184717785,game_outcome,1
184717785,ranked_status,0
184719279,player0,loui8sdstk
184719279,player1,smatties
184719279,player2,skandaras
184719279,game_outcome,1
184719279,ranked_status,0
184721631,player0,loui8sdstk
184721631,player1,smatties
184721631,player2,skandaras
184721631,game_outcome,0
184721631,ranked_status,0
184900133,player0,smatties
184900133,player1,skandaras
184900133,game_outcome,1
184900133,ranked_status,0
185081664,player0,smatties
185081664,player1,skandaras
185081664,game_outcome,1
185081664,ranked_status,0
185083913,player0,smatties
185083913,player1,skandaras
185083913,player2,dicedstk
185083913,game_outcome,0
185083913,ranked_status,0
185085621,player0,smatties
185085621,player1,skandaras
185085621,player2,dicedstk
185085621,game_outcome,0
185085621,ranked_status,0
186332966,player0,smatties
186332966,player1,skandaras
186332966,game_outcome,0
186332966,ranked_status,0
186336690,player0,smatties
186336690,player1,skandaras
186336690,game_outcome,1
186336690,ranked_status,0
186344070,player0,smatties
186344070,player1,skandaras
186344070,game_outcome,1
186344070,ranked_status,0
186348647,player0,smatties
186348647,player1,skandaras
186348647,game_outcome,1
186348647,ranked_status,0
186410550,player0,smatties
186410550,player1,skandaras
186410550,game_outcome,1
186410550,ranked_status,0
186413438,player0,smatties
186413438,player1,skandaras
186413438,game_outcome,0
186413438,ranked_status,0
188612475,player0,smatties
188612475,player1,skandaras
188612475,game_outcome,1
188612475,ranked_status,0
188742862,player0,smatties
188742862,player1,skandaras
188742862,game_outcome,0
188742862,ranked_status,0
188743281,player0,smatties
188743281,player1,skandaras
188743281,game_outcome,0
188743281,ranked_status,0
188745797,player0,smatties
188745797,player1,skandaras
188745797,game_outcome,1
188745797,ranked_status,0
189608787,player0,smatties
189608787,player1,skandaras
189608787,game_outcome,1
189608787,ranked_status,0
189892234,player0,smatties
189892234,player1,skandaras
189892234,player2,dicedstk
189892234,game_outcome,0
189892234,ranked_status,0
190572269,player0,smatties
190572269,player1,skandaras
190572269,game_outcome,0
190572269,ranked_status,0
193719934,player0,loui8sdstk
193719934,player1,mwaxy
193719934,player2,smatties
193719934,player3,dicedstk
193719934,player4,diggs
193719934,game_outcome,0
193719934,ranked_status,1
146253750,player0,bumster
146253750,player1,endgamedos
146253750,player2,diggs
146253750,player3,splunkle
146253750,game_outcome,1
146253750,ranked_status,1
147998659,player0,splunkle
147998659,player1,endgamedos
147998659,game_outcome,0
147998659,ranked_status,1
148936442,player0,splunkle
148936442,player1,endgamedos
148936442,game_outcome,0
148936442,ranked_status,1
148941991,player0,endgamedos
148941991,player1,splunkle
148941991,game_outcome,0
148941991,ranked_status,1
154904871,player0,bumster
154904871,player1,splunkle
154904871,game_outcome,0
154904871,ranked_status,1
154906892,player0,splunkle
154906892,player1,bumster
154906892,game_outcome,1
154906892,ranked_status,1
154917662,player0,bumster
154917662,player1,splunkle
154917662,game_outcome,0
154917662,ranked_status,1
154919170,player0,splunkle
154919170,player1,bumster
154919170,game_outcome,1
154919170,ranked_status,1
200198942,player0,skandaras
200198942,player1,dicedstk
200198942,player2,diggs
200198942,game_outcome,0
200198942,ranked_status,1
200334914,player0,mwaxy
200334914,game_outcome,1
200334914,ranked_status,1
200333848,player0,mwaxy
200333848,game_outcome,0
200333848,ranked_status,1
200274107,player0,mwaxy
200274107,game_outcome,1
200274107,ranked_status,1
200216850,player0,skandaras
200216850,player1,dicedstk
200216850,game_outcome,0
200216850,ranked_status,0
200344671,player0,dicedstk
200344671,game_outcome,0
200344671,ranked_status,0
